{
    "camera_matrix": [
        [
            723.954808242842,
            0.0,
            514.1184483930356
        ],
        [
            0.0,
            734.580359598043,
            293.2924568222477
        ],
        [
            0.0,
            0.0,
            1.0
        ]
    ],
    "dist_coeffs": [
        [
            0.009738461594771384,
            -0.13446832032096726,
            -0.001426943520312325,
            0.001249753435685505,
            0.20538819902898867
        ]
    ],
    "calibration_function": "\ndef calibration_function(x):\n    # x = [fx, fy, cx, cy, k1, k2, p1, p2, k3]\n    camera_matrix = np.array([[x[0], 0, x[2]], [0, x[1], x[3]], [0, 0, 1]])\n    dist_coeffs = np.array([x[4], x[5], x[6], x[7], x[8]])\n    # Berechne reprojection error\n    total_error = 0\n    for i in range(len(obj_points)):\n        img_points_proj, _ = cv2.projectPoints(obj_points[i], rvecs[i], tvecs[i], camera_matrix, dist_coeffs)\n        error = cv2.norm(img_points[i], img_points_proj, cv2.NORM_L2) / len(img_points_proj)\n        total_error += error\n    return total_error\n"
}